"region","inkomstslag","kön","ålder","inkomstklass","2002","2006","2010"
"0114 Upplands Väsby","inkomst av tjänst","totalt","20-64 år","totalt inkomstklasser",247.7,269.0,298.1
"0114 Upplands Väsby","inkomst av tjänst","totalt","-19 år","totalt inkomstklasser",26.6,23.7,26.8
"0115 Vallentuna","inkomst av tjänst","totalt","20-64 år","totalt inkomstklasser",256.5,285.6,324.4
"0115 Vallentuna","inkomst av tjänst","totalt","-19 år","totalt inkomstklasser",24.2,22.8,27.8
"0117 Österåker","inkomst av tjänst","totalt","20-64 år","totalt inkomstklasser",261.9,291.8,328.2
"0117 Österåker","inkomst av tjänst","totalt","-19 år","totalt inkomstklasser",22.7,23.8,26.3
"0120 Värmdö","inkomst av tjänst","totalt","20-64 år","totalt inkomstklasser",255.4,291.3,328.5
"0120 Värmdö","inkomst av tjänst","totalt","-19 år","totalt inkomstklasser",23.5,23.0,27.1
"0123 Järfälla","inkomst av tjänst","totalt","20-64 år","totalt inkomstklasser",259.0,283.4,308.9
"0123 Järfälla","inkomst av tjänst","totalt","-19 år","totalt inkomstklasser",24.9,23.5,24.9
"0125 Ekerö","inkomst av tjänst","totalt","20-64 år","totalt inkomstklasser",276.3,312.3,354.6
"0125 Ekerö","inkomst av tjänst","totalt","-19 år","totalt inkomstklasser",23.2,22.8,26.7
"0126 Huddinge","inkomst av tjänst","totalt","20-64 år","totalt inkomstklasser",246.7,270.8,295.8
"0126 Huddinge","inkomst av tjänst","totalt","-19 år","totalt inkomstklasser",23.5,24.1,26.3
"0127 Botkyrka","inkomst av tjänst","totalt","20-64 år","totalt inkomstklasser",212.9,228.8,251.1
"0127 Botkyrka","inkomst av tjänst","totalt","-19 år","totalt inkomstklasser",25.4,25.7,25.7
"0128 Salem","inkomst av tjänst","totalt","20-64 år","totalt inkomstklasser",258.9,286.6,323.6
"0128 Salem","inkomst av tjänst","totalt","-19 år","totalt inkomstklasser",23.8,22.8,28.1
"0136 Haninge","inkomst av tjänst","totalt","20-64 år","totalt inkomstklasser",231.0,251.7,274.9
"0136 Haninge","inkomst av tjänst","totalt","-19 år","totalt inkomstklasser",24.9,25.3,28.5
"0138 Tyresö","inkomst av tjänst","totalt","20-64 år","totalt inkomstklasser",260.0,289.7,325.5
"0138 Tyresö","inkomst av tjänst","totalt","-19 år","totalt inkomstklasser",22.6,23.1,26.5
"0139 Upplands-Bro","inkomst av tjänst","totalt","20-64 år","totalt inkomstklasser",237.7,259.7,285.0
"0139 Upplands-Bro","inkomst av tjänst","totalt","-19 år","totalt inkomstklasser",21.5,23.7,28.6
"0140 Nykvarn","inkomst av tjänst","totalt","20-64 år","totalt inkomstklasser",253.3,288.3,325.4
"0140 Nykvarn","inkomst av tjänst","totalt","-19 år","totalt inkomstklasser",24.7,28.0,29.4
"0160 Täby","inkomst av tjänst","totalt","20-64 år","totalt inkomstklasser",325.5,366.0,414.2
"0160 Täby","inkomst av tjänst","totalt","-19 år","totalt inkomstklasser",23.2,21.1,25.2
"0162 Danderyd","inkomst av tjänst","totalt","20-64 år","totalt inkomstklasser",425.3,483.3,549.9
"0162 Danderyd","inkomst av tjänst","totalt","-19 år","totalt inkomstklasser",19.8,17.4,20.1
"0163 Sollentuna","inkomst av tjänst","totalt","20-64 år","totalt inkomstklasser",295.6,329.0,370.4
"0163 Sollentuna","inkomst av tjänst","totalt","-19 år","totalt inkomstklasser",22.2,22.4,25.1
"0180 Stockholm","inkomst av tjänst","totalt","20-64 år","totalt inkomstklasser",265.2,291.7,324.2
"0180 Stockholm","inkomst av tjänst","totalt","-19 år","totalt inkomstklasser",22.9,21.6,24.0
"0181 Södertälje","inkomst av tjänst","totalt","20-64 år","totalt inkomstklasser",222.2,247.0,262.3
"0181 Södertälje","inkomst av tjänst","totalt","-19 år","totalt inkomstklasser",26.7,27.1,27.3
"0182 Nacka","inkomst av tjänst","totalt","20-64 år","totalt inkomstklasser",292.2,331.6,372.5
"0182 Nacka","inkomst av tjänst","totalt","-19 år","totalt inkomstklasser",22.0,22.1,24.0
"0183 Sundbyberg","inkomst av tjänst","totalt","20-64 år","totalt inkomstklasser",253.1,269.1,295.8
"0183 Sundbyberg","inkomst av tjänst","totalt","-19 år","totalt inkomstklasser",22.1,22.1,24.1
"0184 Solna","inkomst av tjänst","totalt","20-64 år","totalt inkomstklasser",255.0,282.8,319.1
"0184 Solna","inkomst av tjänst","totalt","-19 år","totalt inkomstklasser",22.8,21.8,24.5
"0186 Lidingö","inkomst av tjänst","totalt","20-64 år","totalt inkomstklasser",346.1,398.6,443.3
"0186 Lidingö","inkomst av tjänst","totalt","-19 år","totalt inkomstklasser",22.0,20.2,24.4
"0187 Vaxholm","inkomst av tjänst","totalt","20-64 år","totalt inkomstklasser",273.4,316.3,362.4
"0187 Vaxholm","inkomst av tjänst","totalt","-19 år","totalt inkomstklasser",21.2,21.9,25.5
"0188 Norrtälje","inkomst av tjänst","totalt","20-64 år","totalt inkomstklasser",215.3,238.0,263.1
"0188 Norrtälje","inkomst av tjänst","totalt","-19 år","totalt inkomstklasser",25.6,24.1,28.9
"0191 Sigtuna","inkomst av tjänst","totalt","20-64 år","totalt inkomstklasser",243.0,264.9,288.6
"0191 Sigtuna","inkomst av tjänst","totalt","-19 år","totalt inkomstklasser",27.2,24.4,28.1
"0192 Nynäshamn","inkomst av tjänst","totalt","20-64 år","totalt inkomstklasser",229.2,250.4,274.1
"0192 Nynäshamn","inkomst av tjänst","totalt","-19 år","totalt inkomstklasser",24.5,24.5,25.4
"0305 Håbo","inkomst av tjänst","totalt","20-64 år","totalt inkomstklasser",251.5,276.5,305.9
"0305 Håbo","inkomst av tjänst","totalt","-19 år","totalt inkomstklasser",23.1,24.6,26.7
"0319 Älvkarleby","inkomst av tjänst","totalt","20-64 år","totalt inkomstklasser",217.4,235.3,265.9
"0319 Älvkarleby","inkomst av tjänst","totalt","-19 år","totalt inkomstklasser",26.2,22.9,27.1
"0330 Knivsta","inkomst av tjänst","totalt","20-64 år","totalt inkomstklasser",..,293.8,328.5
"0330 Knivsta","inkomst av tjänst","totalt","-19 år","totalt inkomstklasser",..,19.7,24.2
"0331 Heby","inkomst av tjänst","totalt","20-64 år","totalt inkomstklasser",196.3,220.3,243.3
"0331 Heby","inkomst av tjänst","totalt","-19 år","totalt inkomstklasser",25.7,26.3,30.0
"0360 Tierp","inkomst av tjänst","totalt","20-64 år","totalt inkomstklasser",201.1,222.6,248.2
"0360 Tierp","inkomst av tjänst","totalt","-19 år","totalt inkomstklasser",22.5,20.5,28.2
"0380 Uppsala","inkomst av tjänst","totalt","20-64 år","totalt inkomstklasser",225.6,248.0,273.8
"0380 Uppsala","inkomst av tjänst","totalt","-19 år","totalt inkomstklasser",19.0,18.6,21.4
"0381 Enköping","inkomst av tjänst","totalt","20-64 år","totalt inkomstklasser",218.8,243.1,274.5
"0381 Enköping","inkomst av tjänst","totalt","-19 år","totalt inkomstklasser",23.9,21.4,23.8
"0382 Östhammar","inkomst av tjänst","totalt","20-64 år","totalt inkomstklasser",219.3,244.2,270.0
"0382 Östhammar","inkomst av tjänst","totalt","-19 år","totalt inkomstklasser",23.4,23.0,28.1
"0428 Vingåker","inkomst av tjänst","totalt","20-64 år","totalt inkomstklasser",201.8,224.0,249.8
"0428 Vingåker","inkomst av tjänst","totalt","-19 år","totalt inkomstklasser",22.0,24.8,27.7
"0461 Gnesta","inkomst av tjänst","totalt","20-64 år","totalt inkomstklasser",215.9,241.1,269.3
"0461 Gnesta","inkomst av tjänst","totalt","-19 år","totalt inkomstklasser",28.2,23.0,30.6
"0480 Nyköping","inkomst av tjänst","totalt","20-64 år","totalt inkomstklasser",220.0,247.9,275.8
"0480 Nyköping","inkomst av tjänst","totalt","-19 år","totalt inkomstklasser",23.5,24.0,27.5
"0481 Oxelösund","inkomst av tjänst","totalt","20-64 år","totalt inkomstklasser",226.7,249.9,282.3
"0481 Oxelösund","inkomst av tjänst","totalt","-19 år","totalt inkomstklasser",25.6,26.5,27.3
"0482 Flen","inkomst av tjänst","totalt","20-64 år","totalt inkomstklasser",203.5,228.7,248.7
"0482 Flen","inkomst av tjänst","totalt","-19 år","totalt inkomstklasser",25.9,26.0,26.1
"0483 Katrineholm","inkomst av tjänst","totalt","20-64 år","totalt inkomstklasser",208.2,229.3,254.6
"0483 Katrineholm","inkomst av tjänst","totalt","-19 år","totalt inkomstklasser",22.9,24.2,27.4
"0484 Eskilstuna","inkomst av tjänst","totalt","20-64 år","totalt inkomstklasser",206.1,232.7,254.8
"0484 Eskilstuna","inkomst av tjänst","totalt","-19 år","totalt inkomstklasser",21.7,23.8,25.1
"0486 Strängnäs","inkomst av tjänst","totalt","20-64 år","totalt inkomstklasser",233.8,261.9,295.5
"0486 Strängnäs","inkomst av tjänst","totalt","-19 år","totalt inkomstklasser",24.1,24.0,28.9
"0488 Trosa","inkomst av tjänst","totalt","20-64 år","totalt inkomstklasser",240.8,271.8,304.4
"0488 Trosa","inkomst av tjänst","totalt","-19 år","totalt inkomstklasser",27.2,23.7,28.7
"0509 Ödeshög","inkomst av tjänst","totalt","20-64 år","totalt inkomstklasser",190.3,216.6,239.7
"0509 Ödeshög","inkomst av tjänst","totalt","-19 år","totalt inkomstklasser",21.8,26.0,27.3
"0512 Ydre","inkomst av tjänst","totalt","20-64 år","totalt inkomstklasser",192.6,220.5,251.9
"0512 Ydre","inkomst av tjänst","totalt","-19 år","totalt inkomstklasser",20.2,24.8,25.6
"0513 Kinda","inkomst av tjänst","totalt","20-64 år","totalt inkomstklasser",196.8,226.2,253.3
"0513 Kinda","inkomst av tjänst","totalt","-19 år","totalt inkomstklasser",21.3,23.0,27.1
"0560 Boxholm","inkomst av tjänst","totalt","20-64 år","totalt inkomstklasser",201.7,228.3,254.3
"0560 Boxholm","inkomst av tjänst","totalt","-19 år","totalt inkomstklasser",18.9,16.6,17.7
"0561 Åtvidaberg","inkomst av tjänst","totalt","20-64 år","totalt inkomstklasser",210.4,229.1,254.1
"0561 Åtvidaberg","inkomst av tjänst","totalt","-19 år","totalt inkomstklasser",18.9,21.2,24.6
"0562 Finspång","inkomst av tjänst","totalt","20-64 år","totalt inkomstklasser",217.9,242.2,277.5
"0562 Finspång","inkomst av tjänst","totalt","-19 år","totalt inkomstklasser",20.6,23.4,24.2
"0563 Valdemarsvik","inkomst av tjänst","totalt","20-64 år","totalt inkomstklasser",192.3,213.6,241.4
"0563 Valdemarsvik","inkomst av tjänst","totalt","-19 år","totalt inkomstklasser",21.4,20.8,27.5
"0580 Linköping","inkomst av tjänst","totalt","20-64 år","totalt inkomstklasser",224.4,246.7,275.2
"0580 Linköping","inkomst av tjänst","totalt","-19 år","totalt inkomstklasser",21.8,19.2,21.9
"0581 Norrköping","inkomst av tjänst","totalt","20-64 år","totalt inkomstklasser",208.8,232.7,261.4
"0581 Norrköping","inkomst av tjänst","totalt","-19 år","totalt inkomstklasser",23.4,22.9,26.1
"0582 Söderköping","inkomst av tjänst","totalt","20-64 år","totalt inkomstklasser",211.0,238.5,269.2
"0582 Söderköping","inkomst av tjänst","totalt","-19 år","totalt inkomstklasser",24.2,26.3,28.0
"0583 Motala","inkomst av tjänst","totalt","20-64 år","totalt inkomstklasser",210.8,231.0,256.1
"0583 Motala","inkomst av tjänst","totalt","-19 år","totalt inkomstklasser",23.4,21.8,23.0
"0584 Vadstena","inkomst av tjänst","totalt","20-64 år","totalt inkomstklasser",211.2,234.8,264.6
"0584 Vadstena","inkomst av tjänst","totalt","-19 år","totalt inkomstklasser",26.2,18.6,21.8
"0586 Mjölby","inkomst av tjänst","totalt","20-64 år","totalt inkomstklasser",207.1,231.3,259.6
"0586 Mjölby","inkomst av tjänst","totalt","-19 år","totalt inkomstklasser",20.6,20.6,24.0
"0604 Aneby","inkomst av tjänst","totalt","20-64 år","totalt inkomstklasser",198.6,228.9,254.1
"0604 Aneby","inkomst av tjänst","totalt","-19 år","totalt inkomstklasser",21.5,25.6,24.8
"0617 Gnosjö","inkomst av tjänst","totalt","20-64 år","totalt inkomstklasser",223.7,252.3,264.1
"0617 Gnosjö","inkomst av tjänst","totalt","-19 år","totalt inkomstklasser",28.8,28.1,30.2
"0642 Mullsjö","inkomst av tjänst","totalt","20-64 år","totalt inkomstklasser",205.9,233.1,258.4
"0642 Mullsjö","inkomst av tjänst","totalt","-19 år","totalt inkomstklasser",25.0,22.9,24.9
"0643 Habo","inkomst av tjänst","totalt","20-64 år","totalt inkomstklasser",219.3,246.5,278.8
"0643 Habo","inkomst av tjänst","totalt","-19 år","totalt inkomstklasser",24.6,28.5,29.5
"0662 Gislaved","inkomst av tjänst","totalt","20-64 år","totalt inkomstklasser",223.0,241.9,262.5
"0662 Gislaved","inkomst av tjänst","totalt","-19 år","totalt inkomstklasser",25.6,29.5,26.6
"0665 Vaggeryd","inkomst av tjänst","totalt","20-64 år","totalt inkomstklasser",213.3,239.5,261.1
"0665 Vaggeryd","inkomst av tjänst","totalt","-19 år","totalt inkomstklasser",28.2,32.3,31.4
"0680 Jönköping","inkomst av tjänst","totalt","20-64 år","totalt inkomstklasser",217.9,243.8,269.6
"0680 Jönköping","inkomst av tjänst","totalt","-19 år","totalt inkomstklasser",23.6,23.8,27.4
"0682 Nässjö","inkomst av tjänst","totalt","20-64 år","totalt inkomstklasser",208.0,235.4,257.1
"0682 Nässjö","inkomst av tjänst","totalt","-19 år","totalt inkomstklasser",24.2,26.8,25.5
"0683 Värnamo","inkomst av tjänst","totalt","20-64 år","totalt inkomstklasser",223.5,250.3,273.1
"0683 Värnamo","inkomst av tjänst","totalt","-19 år","totalt inkomstklasser",27.2,30.2,30.5
"0684 Sävsjö","inkomst av tjänst","totalt","20-64 år","totalt inkomstklasser",195.7,224.5,247.2
"0684 Sävsjö","inkomst av tjänst","totalt","-19 år","totalt inkomstklasser",21.0,24.2,24.4
"0685 Vetlanda","inkomst av tjänst","totalt","20-64 år","totalt inkomstklasser",205.4,237.1,261.6
"0685 Vetlanda","inkomst av tjänst","totalt","-19 år","totalt inkomstklasser",24.1,25.8,28.1
"0686 Eksjö","inkomst av tjänst","totalt","20-64 år","totalt inkomstklasser",211.9,241.3,268.7
"0686 Eksjö","inkomst av tjänst","totalt","-19 år","totalt inkomstklasser",24.2,22.4,28.0
"0687 Tranås","inkomst av tjänst","totalt","20-64 år","totalt inkomstklasser",202.5,229.3,256.5
"0687 Tranås","inkomst av tjänst","totalt","-19 år","totalt inkomstklasser",18.4,20.1,22.5
"0760 Uppvidinge","inkomst av tjänst","totalt","20-64 år","totalt inkomstklasser",204.7,229.3,255.7
"0760 Uppvidinge","inkomst av tjänst","totalt","-19 år","totalt inkomstklasser",25.5,26.8,24.5
"0761 Lessebo","inkomst av tjänst","totalt","20-64 år","totalt inkomstklasser",208.7,233.4,250.9
"0761 Lessebo","inkomst av tjänst","totalt","-19 år","totalt inkomstklasser",21.5,23.2,23.7
"0763 Tingsryd","inkomst av tjänst","totalt","20-64 år","totalt inkomstklasser",197.7,225.2,249.9
"0763 Tingsryd","inkomst av tjänst","totalt","-19 år","totalt inkomstklasser",23.3,24.9,28.3
"0764 Alvesta","inkomst av tjänst","totalt","20-64 år","totalt inkomstklasser",207.0,234.6,258.9
"0764 Alvesta","inkomst av tjänst","totalt","-19 år","totalt inkomstklasser",27.1,27.9,27.3
"0765 Älmhult","inkomst av tjänst","totalt","20-64 år","totalt inkomstklasser",221.2,265.6,291.8
"0765 Älmhult","inkomst av tjänst","totalt","-19 år","totalt inkomstklasser",22.9,26.0,22.6
"0767 Markaryd","inkomst av tjänst","totalt","20-64 år","totalt inkomstklasser",200.1,226.5,244.7
"0767 Markaryd","inkomst av tjänst","totalt","-19 år","totalt inkomstklasser",20.5,26.0,24.5
"0780 Växjö","inkomst av tjänst","totalt","20-64 år","totalt inkomstklasser",215.0,240.9,267.0
"0780 Växjö","inkomst av tjänst","totalt","-19 år","totalt inkomstklasser",22.2,24.4,23.8
"0781 Ljungby","inkomst av tjänst","totalt","20-64 år","totalt inkomstklasser",212.3,239.2,261.1
"0781 Ljungby","inkomst av tjänst","totalt","-19 år","totalt inkomstklasser",26.2,29.4,29.3
"0821 Högsby","inkomst av tjänst","totalt","20-64 år","totalt inkomstklasser",193.0,212.0,235.4
"0821 Högsby","inkomst av tjänst","totalt","-19 år","totalt inkomstklasser",24.6,21.0,22.9
"0834 Torsås","inkomst av tjänst","totalt","20-64 år","totalt inkomstklasser",195.5,221.7,242.9
"0834 Torsås","inkomst av tjänst","totalt","-19 år","totalt inkomstklasser",18.5,22.2,25.6
"0840 Mörbylånga","inkomst av tjänst","totalt","20-64 år","totalt inkomstklasser",204.9,230.4,261.9
"0840 Mörbylånga","inkomst av tjänst","totalt","-19 år","totalt inkomstklasser",21.9,27.6,28.2
"0860 Hultsfred","inkomst av tjänst","totalt","20-64 år","totalt inkomstklasser",195.5,215.0,239.5
"0860 Hultsfred","inkomst av tjänst","totalt","-19 år","totalt inkomstklasser",21.8,21.5,28.8
"0861 Mönsterås","inkomst av tjänst","totalt","20-64 år","totalt inkomstklasser",209.7,233.9,261.9
"0861 Mönsterås","inkomst av tjänst","totalt","-19 år","totalt inkomstklasser",22.1,24.1,27.9
"0862 Emmaboda","inkomst av tjänst","totalt","20-64 år","totalt inkomstklasser",213.4,239.9,263.9
"0862 Emmaboda","inkomst av tjänst","totalt","-19 år","totalt inkomstklasser",26.0,24.7,27.7
"0880 Kalmar","inkomst av tjänst","totalt","20-64 år","totalt inkomstklasser",209.1,232.7,259.7
"0880 Kalmar","inkomst av tjänst","totalt","-19 år","totalt inkomstklasser",20.8,21.5,26.5
"0881 Nybro","inkomst av tjänst","totalt","20-64 år","totalt inkomstklasser",203.0,225.0,242.8
"0881 Nybro","inkomst av tjänst","totalt","-19 år","totalt inkomstklasser",24.2,22.3,26.4
"0882 Oskarshamn","inkomst av tjänst","totalt","20-64 år","totalt inkomstklasser",221.9,248.3,283.5
"0882 Oskarshamn","inkomst av tjänst","totalt","-19 år","totalt inkomstklasser",24.9,28.0,29.6
"0883 Västervik","inkomst av tjänst","totalt","20-64 år","totalt inkomstklasser",204.2,227.4,253.6
"0883 Västervik","inkomst av tjänst","totalt","-19 år","totalt inkomstklasser",20.0,20.5,21.1
"0884 Vimmerby","inkomst av tjänst","totalt","20-64 år","totalt inkomstklasser",201.7,228.8,251.7
"0884 Vimmerby","inkomst av tjänst","totalt","-19 år","totalt inkomstklasser",18.3,21.9,25.4
"0885 Borgholm","inkomst av tjänst","totalt","20-64 år","totalt inkomstklasser",180.7,203.7,231.0
"0885 Borgholm","inkomst av tjänst","totalt","-19 år","totalt inkomstklasser",22.7,25.1,28.4
"0980 Gotland","inkomst av tjänst","totalt","20-64 år","totalt inkomstklasser",190.0,212.7,240.2
"0980 Gotland","inkomst av tjänst","totalt","-19 år","totalt inkomstklasser",22.4,21.7,27.4
"1060 Olofström","inkomst av tjänst","totalt","20-64 år","totalt inkomstklasser",216.9,240.9,255.2
"1060 Olofström","inkomst av tjänst","totalt","-19 år","totalt inkomstklasser",22.9,25.1,23.1
"1080 Karlskrona","inkomst av tjänst","totalt","20-64 år","totalt inkomstklasser",217.5,247.1,273.2
"1080 Karlskrona","inkomst av tjänst","totalt","-19 år","totalt inkomstklasser",21.4,23.1,26.1
"1081 Ronneby","inkomst av tjänst","totalt","20-64 år","totalt inkomstklasser",202.7,232.6,256.3
"1081 Ronneby","inkomst av tjänst","totalt","-19 år","totalt inkomstklasser",21.0,24.9,24.3
"1082 Karlshamn","inkomst av tjänst","totalt","20-64 år","totalt inkomstklasser",213.7,239.5,265.7
"1082 Karlshamn","inkomst av tjänst","totalt","-19 år","totalt inkomstklasser",22.1,20.8,24.7
"1083 Sölvesborg","inkomst av tjänst","totalt","20-64 år","totalt inkomstklasser",207.8,229.0,253.4
"1083 Sölvesborg","inkomst av tjänst","totalt","-19 år","totalt inkomstklasser",22.1,21.4,24.8
"1214 Svalöv","inkomst av tjänst","totalt","20-64 år","totalt inkomstklasser",202.5,226.2,253.1
"1214 Svalöv","inkomst av tjänst","totalt","-19 år","totalt inkomstklasser",22.6,26.1,22.5
"1230 Staffanstorp","inkomst av tjänst","totalt","20-64 år","totalt inkomstklasser",243.1,276.3,309.2
"1230 Staffanstorp","inkomst av tjänst","totalt","-19 år","totalt inkomstklasser",18.3,21.6,22.7
"1231 Burlöv","inkomst av tjänst","totalt","20-64 år","totalt inkomstklasser",212.7,236.0,260.6
"1231 Burlöv","inkomst av tjänst","totalt","-19 år","totalt inkomstklasser",22.3,23.5,28.3
"1233 Vellinge","inkomst av tjänst","totalt","20-64 år","totalt inkomstklasser",273.5,312.6,349.5
"1233 Vellinge","inkomst av tjänst","totalt","-19 år","totalt inkomstklasser",17.7,19.4,21.3
"1256 Östra Göinge","inkomst av tjänst","totalt","20-64 år","totalt inkomstklasser",201.1,229.5,247.5
"1256 Östra Göinge","inkomst av tjänst","totalt","-19 år","totalt inkomstklasser",21.2,26.6,28.1
"1257 Örkelljunga","inkomst av tjänst","totalt","20-64 år","totalt inkomstklasser",197.0,221.2,241.0
"1257 Örkelljunga","inkomst av tjänst","totalt","-19 år","totalt inkomstklasser",24.8,31.2,30.4
"1260 Bjuv","inkomst av tjänst","totalt","20-64 år","totalt inkomstklasser",203.0,225.1,248.6
"1260 Bjuv","inkomst av tjänst","totalt","-19 år","totalt inkomstklasser",24.2,26.5,25.5
"1261 Kävlinge","inkomst av tjänst","totalt","20-64 år","totalt inkomstklasser",236.0,268.0,306.5
"1261 Kävlinge","inkomst av tjänst","totalt","-19 år","totalt inkomstklasser",21.9,23.4,23.8
"1262 Lomma","inkomst av tjänst","totalt","20-64 år","totalt inkomstklasser",280.4,331.5,385.5
"1262 Lomma","inkomst av tjänst","totalt","-19 år","totalt inkomstklasser",15.7,19.6,22.3
"1263 Svedala","inkomst av tjänst","totalt","20-64 år","totalt inkomstklasser",230.5,256.9,292.8
"1263 Svedala","inkomst av tjänst","totalt","-19 år","totalt inkomstklasser",21.8,22.4,26.4
"1264 Skurup","inkomst av tjänst","totalt","20-64 år","totalt inkomstklasser",205.8,234.4,261.7
"1264 Skurup","inkomst av tjänst","totalt","-19 år","totalt inkomstklasser",23.8,22.1,26.1
"1265 Sjöbo","inkomst av tjänst","totalt","20-64 år","totalt inkomstklasser",192.4,219.0,251.9
"1265 Sjöbo","inkomst av tjänst","totalt","-19 år","totalt inkomstklasser",23.7,23.1,27.8
"1266 Hörby","inkomst av tjänst","totalt","20-64 år","totalt inkomstklasser",197.1,222.0,250.5
"1266 Hörby","inkomst av tjänst","totalt","-19 år","totalt inkomstklasser",22.8,24.6,31.2
"1267 Höör","inkomst av tjänst","totalt","20-64 år","totalt inkomstklasser",207.2,234.3,267.8
"1267 Höör","inkomst av tjänst","totalt","-19 år","totalt inkomstklasser",20.1,22.6,26.6
"1270 Tomelilla","inkomst av tjänst","totalt","20-64 år","totalt inkomstklasser",187.8,211.9,236.4
"1270 Tomelilla","inkomst av tjänst","totalt","-19 år","totalt inkomstklasser",22.2,27.1,29.4
"1272 Bromölla","inkomst av tjänst","totalt","20-64 år","totalt inkomstklasser",215.6,238.4,259.6
"1272 Bromölla","inkomst av tjänst","totalt","-19 år","totalt inkomstklasser",24.3,24.1,23.7
"1273 Osby","inkomst av tjänst","totalt","20-64 år","totalt inkomstklasser",206.8,233.9,254.6
"1273 Osby","inkomst av tjänst","totalt","-19 år","totalt inkomstklasser",22.4,27.0,25.2
"1275 Perstorp","inkomst av tjänst","totalt","20-64 år","totalt inkomstklasser",213.9,234.7,249.0
"1275 Perstorp","inkomst av tjänst","totalt","-19 år","totalt inkomstklasser",23.7,30.0,29.3
"1276 Klippan","inkomst av tjänst","totalt","20-64 år","totalt inkomstklasser",200.4,221.5,245.9
"1276 Klippan","inkomst av tjänst","totalt","-19 år","totalt inkomstklasser",23.9,22.7,26.1
"1277 Åstorp","inkomst av tjänst","totalt","20-64 år","totalt inkomstklasser",199.3,223.5,245.2
"1277 Åstorp","inkomst av tjänst","totalt","-19 år","totalt inkomstklasser",24.7,24.9,26.7
"1278 Båstad","inkomst av tjänst","totalt","20-64 år","totalt inkomstklasser",208.6,242.0,270.7
"1278 Båstad","inkomst av tjänst","totalt","-19 år","totalt inkomstklasser",19.2,19.5,25.5
"1280 Malmö","inkomst av tjänst","totalt","20-64 år","totalt inkomstklasser",206.3,230.2,256.7
"1280 Malmö","inkomst av tjänst","totalt","-19 år","totalt inkomstklasser",18.3,18.6,22.1
"1281 Lund","inkomst av tjänst","totalt","20-64 år","totalt inkomstklasser",221.7,249.0,278.6
"1281 Lund","inkomst av tjänst","totalt","-19 år","totalt inkomstklasser",17.7,18.9,20.8
"1282 Landskrona","inkomst av tjänst","totalt","20-64 år","totalt inkomstklasser",202.1,225.7,247.7
"1282 Landskrona","inkomst av tjänst","totalt","-19 år","totalt inkomstklasser",21.5,21.2,24.0
"1283 Helsingborg","inkomst av tjänst","totalt","20-64 år","totalt inkomstklasser",221.9,252.5,281.1
"1283 Helsingborg","inkomst av tjänst","totalt","-19 år","totalt inkomstklasser",21.7,21.5,24.0
"1284 Höganäs","inkomst av tjänst","totalt","20-64 år","totalt inkomstklasser",237.4,268.0,296.0
"1284 Höganäs","inkomst av tjänst","totalt","-19 år","totalt inkomstklasser",21.4,22.5,24.8
"1285 Eslöv","inkomst av tjänst","totalt","20-64 år","totalt inkomstklasser",206.6,231.7,261.9
"1285 Eslöv","inkomst av tjänst","totalt","-19 år","totalt inkomstklasser",20.7,21.6,25.2
"1286 Ystad","inkomst av tjänst","totalt","20-64 år","totalt inkomstklasser",211.2,238.8,270.4
"1286 Ystad","inkomst av tjänst","totalt","-19 år","totalt inkomstklasser",20.3,19.7,23.5
"1287 Trelleborg","inkomst av tjänst","totalt","20-64 år","totalt inkomstklasser",210.6,235.3,263.5
"1287 Trelleborg","inkomst av tjänst","totalt","-19 år","totalt inkomstklasser",19.0,19.8,23.8
"1290 Kristianstad","inkomst av tjänst","totalt","20-64 år","totalt inkomstklasser",208.0,234.1,259.1
"1290 Kristianstad","inkomst av tjänst","totalt","-19 år","totalt inkomstklasser",20.2,20.7,23.0
"1291 Simrishamn","inkomst av tjänst","totalt","20-64 år","totalt inkomstklasser",198.7,221.3,245.4
"1291 Simrishamn","inkomst av tjänst","totalt","-19 år","totalt inkomstklasser",22.0,21.7,24.3
"1292 Ängelholm","inkomst av tjänst","totalt","20-64 år","totalt inkomstklasser",219.8,247.9,279.7
"1292 Ängelholm","inkomst av tjänst","totalt","-19 år","totalt inkomstklasser",21.3,23.4,24.7
"1293 Hässleholm","inkomst av tjänst","totalt","20-64 år","totalt inkomstklasser",202.3,229.3,251.1
"1293 Hässleholm","inkomst av tjänst","totalt","-19 år","totalt inkomstklasser",20.3,22.3,23.2
"1315 Hylte","inkomst av tjänst","totalt","20-64 år","totalt inkomstklasser",207.8,233.2,259.3
"1315 Hylte","inkomst av tjänst","totalt","-19 år","totalt inkomstklasser",26.4,28.8,29.8
"1380 Halmstad","inkomst av tjänst","totalt","20-64 år","totalt inkomstklasser",205.9,233.2,263.2
"1380 Halmstad","inkomst av tjänst","totalt","-19 år","totalt inkomstklasser",22.1,22.8,25.4
"1381 Laholm","inkomst av tjänst","totalt","20-64 år","totalt inkomstklasser",196.6,224.0,250.3
"1381 Laholm","inkomst av tjänst","totalt","-19 år","totalt inkomstklasser",22.1,26.4,26.6
"1382 Falkenberg","inkomst av tjänst","totalt","20-64 år","totalt inkomstklasser",198.1,225.7,254.9
"1382 Falkenberg","inkomst av tjänst","totalt","-19 år","totalt inkomstklasser",23.5,24.8,30.4
"1383 Varberg","inkomst av tjänst","totalt","20-64 år","totalt inkomstklasser",209.6,240.6,272.3
"1383 Varberg","inkomst av tjänst","totalt","-19 år","totalt inkomstklasser",23.9,25.5,27.6
"1384 Kungsbacka","inkomst av tjänst","totalt","20-64 år","totalt inkomstklasser",256.6,294.1,329.5
"1384 Kungsbacka","inkomst av tjänst","totalt","-19 år","totalt inkomstklasser",23.2,23.8,25.9
"1401 Härryda","inkomst av tjänst","totalt","20-64 år","totalt inkomstklasser",253.7,287.4,321.7
"1401 Härryda","inkomst av tjänst","totalt","-19 år","totalt inkomstklasser",23.0,23.6,24.3
"1402 Partille","inkomst av tjänst","totalt","20-64 år","totalt inkomstklasser",248.7,280.1,310.3
"1402 Partille","inkomst av tjänst","totalt","-19 år","totalt inkomstklasser",26.4,23.6,23.2
"1407 Öckerö","inkomst av tjänst","totalt","20-64 år","totalt inkomstklasser",231.2,265.3,300.4
"1407 Öckerö","inkomst av tjänst","totalt","-19 år","totalt inkomstklasser",25.5,24.7,25.2
"1415 Stenungsund","inkomst av tjänst","totalt","20-64 år","totalt inkomstklasser",235.5,266.4,301.5
"1415 Stenungsund","inkomst av tjänst","totalt","-19 år","totalt inkomstklasser",22.5,23.9,27.7
"1419 Tjörn","inkomst av tjänst","totalt","20-64 år","totalt inkomstklasser",231.4,262.3,295.5
"1419 Tjörn","inkomst av tjänst","totalt","-19 år","totalt inkomstklasser",21.2,25.8,27.1
"1421 Orust","inkomst av tjänst","totalt","20-64 år","totalt inkomstklasser",214.6,242.6,269.2
"1421 Orust","inkomst av tjänst","totalt","-19 år","totalt inkomstklasser",21.8,24.5,27.5
"1427 Sotenäs","inkomst av tjänst","totalt","20-64 år","totalt inkomstklasser",210.3,237.4,271.3
"1427 Sotenäs","inkomst av tjänst","totalt","-19 år","totalt inkomstklasser",23.5,25.9,29.7
"1430 Munkedal","inkomst av tjänst","totalt","20-64 år","totalt inkomstklasser",198.1,226.0,242.6
"1430 Munkedal","inkomst av tjänst","totalt","-19 år","totalt inkomstklasser",29.7,28.5,31.6
"1435 Tanum","inkomst av tjänst","totalt","20-64 år","totalt inkomstklasser",195.4,224.2,246.3
"1435 Tanum","inkomst av tjänst","totalt","-19 år","totalt inkomstklasser",28.5,28.5,34.8
"1438 Dals-Ed","inkomst av tjänst","totalt","20-64 år","totalt inkomstklasser",193.6,212.7,230.3
"1438 Dals-Ed","inkomst av tjänst","totalt","-19 år","totalt inkomstklasser",25.2,21.8,32.2
"1439 Färgelanda","inkomst av tjänst","totalt","20-64 år","totalt inkomstklasser",205.3,222.0,242.9
"1439 Färgelanda","inkomst av tjänst","totalt","-19 år","totalt inkomstklasser",24.7,24.4,29.1
"1440 Ale","inkomst av tjänst","totalt","20-64 år","totalt inkomstklasser",222.5,248.9,279.0
"1440 Ale","inkomst av tjänst","totalt","-19 år","totalt inkomstklasser",24.3,22.2,21.9
"1441 Lerum","inkomst av tjänst","totalt","20-64 år","totalt inkomstklasser",249.2,279.6,310.1
"1441 Lerum","inkomst av tjänst","totalt","-19 år","totalt inkomstklasser",22.7,23.9,24.8
"1442 Vårgårda","inkomst av tjänst","totalt","20-64 år","totalt inkomstklasser",212.2,232.1,253.2
"1442 Vårgårda","inkomst av tjänst","totalt","-19 år","totalt inkomstklasser",27.3,27.9,30.4
"1443 Bollebygd","inkomst av tjänst","totalt","20-64 år","totalt inkomstklasser",229.9,257.0,287.3
"1443 Bollebygd","inkomst av tjänst","totalt","-19 år","totalt inkomstklasser",25.5,26.6,28.6
"1444 Grästorp","inkomst av tjänst","totalt","20-64 år","totalt inkomstklasser",211.0,232.0,251.3
"1444 Grästorp","inkomst av tjänst","totalt","-19 år","totalt inkomstklasser",26.2,27.7,22.0
"1445 Essunga","inkomst av tjänst","totalt","20-64 år","totalt inkomstklasser",199.3,226.0,244.6
"1445 Essunga","inkomst av tjänst","totalt","-19 år","totalt inkomstklasser",23.3,24.0,22.3
"1446 Karlsborg","inkomst av tjänst","totalt","20-64 år","totalt inkomstklasser",204.5,234.1,267.7
"1446 Karlsborg","inkomst av tjänst","totalt","-19 år","totalt inkomstklasser",22.9,24.3,23.7
"1447 Gullspång","inkomst av tjänst","totalt","20-64 år","totalt inkomstklasser",189.2,213.7,235.8
"1447 Gullspång","inkomst av tjänst","totalt","-19 år","totalt inkomstklasser",20.7,24.9,26.4
"1452 Tranemo","inkomst av tjänst","totalt","20-64 år","totalt inkomstklasser",209.9,237.9,261.2
"1452 Tranemo","inkomst av tjänst","totalt","-19 år","totalt inkomstklasser",24.0,31.7,30.5
"1460 Bengtsfors","inkomst av tjänst","totalt","20-64 år","totalt inkomstklasser",202.0,220.7,240.0
"1460 Bengtsfors","inkomst av tjänst","totalt","-19 år","totalt inkomstklasser",23.7,21.3,29.8
"1461 Mellerud","inkomst av tjänst","totalt","20-64 år","totalt inkomstklasser",193.6,214.3,229.2
"1461 Mellerud","inkomst av tjänst","totalt","-19 år","totalt inkomstklasser",26.1,21.1,27.5
"1462 Lilla Edet","inkomst av tjänst","totalt","20-64 år","totalt inkomstklasser",212.4,235.4,259.4
"1462 Lilla Edet","inkomst av tjänst","totalt","-19 år","totalt inkomstklasser",26.4,29.0,32.3
"1463 Mark","inkomst av tjänst","totalt","20-64 år","totalt inkomstklasser",205.8,231.9,258.5
"1463 Mark","inkomst av tjänst","totalt","-19 år","totalt inkomstklasser",25.7,26.6,30.7
"1465 Svenljunga","inkomst av tjänst","totalt","20-64 år","totalt inkomstklasser",199.8,226.5,246.7
"1465 Svenljunga","inkomst av tjänst","totalt","-19 år","totalt inkomstklasser",25.7,28.2,31.5
"1466 Herrljunga","inkomst av tjänst","totalt","20-64 år","totalt inkomstklasser",201.7,229.8,252.1
"1466 Herrljunga","inkomst av tjänst","totalt","-19 år","totalt inkomstklasser",27.1,29.1,32.1
"1470 Vara","inkomst av tjänst","totalt","20-64 år","totalt inkomstklasser",195.3,221.2,246.2
"1470 Vara","inkomst av tjänst","totalt","-19 år","totalt inkomstklasser",24.2,26.2,28.2
"1471 Götene","inkomst av tjänst","totalt","20-64 år","totalt inkomstklasser",209.8,234.4,259.7
"1471 Götene","inkomst av tjänst","totalt","-19 år","totalt inkomstklasser",27.8,25.7,27.3
"1472 Tibro","inkomst av tjänst","totalt","20-64 år","totalt inkomstklasser",201.0,227.0,248.1
"1472 Tibro","inkomst av tjänst","totalt","-19 år","totalt inkomstklasser",19.5,21.6,23.5
"1473 Töreboda","inkomst av tjänst","totalt","20-64 år","totalt inkomstklasser",189.3,209.8,234.3
"1473 Töreboda","inkomst av tjänst","totalt","-19 år","totalt inkomstklasser",19.0,20.4,23.6
"1480 Göteborg","inkomst av tjänst","totalt","20-64 år","totalt inkomstklasser",226.1,253.7,277.6
"1480 Göteborg","inkomst av tjänst","totalt","-19 år","totalt inkomstklasser",24.2,23.8,25.0
"1481 Mölndal","inkomst av tjänst","totalt","20-64 år","totalt inkomstklasser",248.5,277.4,309.6
"1481 Mölndal","inkomst av tjänst","totalt","-19 år","totalt inkomstklasser",26.5,24.8,26.0
"1482 Kungälv","inkomst av tjänst","totalt","20-64 år","totalt inkomstklasser",237.2,266.2,298.3
"1482 Kungälv","inkomst av tjänst","totalt","-19 år","totalt inkomstklasser",26.9,26.0,27.9
"1484 Lysekil","inkomst av tjänst","totalt","20-64 år","totalt inkomstklasser",213.4,239.6,268.0
"1484 Lysekil","inkomst av tjänst","totalt","-19 år","totalt inkomstklasser",21.7,24.7,28.3
"1485 Uddevalla","inkomst av tjänst","totalt","20-64 år","totalt inkomstklasser",212.6,238.6,263.4
"1485 Uddevalla","inkomst av tjänst","totalt","-19 år","totalt inkomstklasser",21.7,23.7,26.4
"1486 Strömstad","inkomst av tjänst","totalt","20-64 år","totalt inkomstklasser",204.0,233.2,260.8
"1486 Strömstad","inkomst av tjänst","totalt","-19 år","totalt inkomstklasser",35.4,33.9,46.4
"1487 Vänersborg","inkomst av tjänst","totalt","20-64 år","totalt inkomstklasser",220.6,245.2,267.3
"1487 Vänersborg","inkomst av tjänst","totalt","-19 år","totalt inkomstklasser",27.6,26.7,25.1
"1488 Trollhättan","inkomst av tjänst","totalt","20-64 år","totalt inkomstklasser",228.2,249.4,268.7
"1488 Trollhättan","inkomst av tjänst","totalt","-19 år","totalt inkomstklasser",25.6,25.5,23.3
"1489 Alingsås","inkomst av tjänst","totalt","20-64 år","totalt inkomstklasser",222.1,247.4,274.1
"1489 Alingsås","inkomst av tjänst","totalt","-19 år","totalt inkomstklasser",24.5,23.4,22.7
"1490 Borås","inkomst av tjänst","totalt","20-64 år","totalt inkomstklasser",212.8,237.2,263.8
"1490 Borås","inkomst av tjänst","totalt","-19 år","totalt inkomstklasser",25.3,26.1,29.2
"1491 Ulricehamn","inkomst av tjänst","totalt","20-64 år","totalt inkomstklasser",206.7,233.1,258.4
"1491 Ulricehamn","inkomst av tjänst","totalt","-19 år","totalt inkomstklasser",25.3,26.3,28.4
"1492 Åmål","inkomst av tjänst","totalt","20-64 år","totalt inkomstklasser",206.8,231.6,244.6
"1492 Åmål","inkomst av tjänst","totalt","-19 år","totalt inkomstklasser",22.1,17.9,19.2
"1493 Mariestad","inkomst av tjänst","totalt","20-64 år","totalt inkomstklasser",205.0,230.7,255.1
"1493 Mariestad","inkomst av tjänst","totalt","-19 år","totalt inkomstklasser",23.8,24.8,29.4
"1494 Lidköping","inkomst av tjänst","totalt","20-64 år","totalt inkomstklasser",213.3,242.4,270.3
"1494 Lidköping","inkomst av tjänst","totalt","-19 år","totalt inkomstklasser",24.0,23.8,25.9
"1495 Skara","inkomst av tjänst","totalt","20-64 år","totalt inkomstklasser",209.3,234.3,260.0
"1495 Skara","inkomst av tjänst","totalt","-19 år","totalt inkomstklasser",26.1,28.5,25.2
"1496 Skövde","inkomst av tjänst","totalt","20-64 år","totalt inkomstklasser",215.2,241.1,267.8
"1496 Skövde","inkomst av tjänst","totalt","-19 år","totalt inkomstklasser",23.0,24.4,26.5
"1497 Hjo","inkomst av tjänst","totalt","20-64 år","totalt inkomstklasser",202.5,230.1,255.0
"1497 Hjo","inkomst av tjänst","totalt","-19 år","totalt inkomstklasser",22.7,21.0,27.7
"1498 Tidaholm","inkomst av tjänst","totalt","20-64 år","totalt inkomstklasser",200.3,226.9,245.8
"1498 Tidaholm","inkomst av tjänst","totalt","-19 år","totalt inkomstklasser",19.8,23.0,24.1
"1499 Falköping","inkomst av tjänst","totalt","20-64 år","totalt inkomstklasser",205.0,230.7,253.3
"1499 Falköping","inkomst av tjänst","totalt","-19 år","totalt inkomstklasser",24.1,24.9,28.3
"1715 Kil","inkomst av tjänst","totalt","20-64 år","totalt inkomstklasser",206.4,232.5,259.2
"1715 Kil","inkomst av tjänst","totalt","-19 år","totalt inkomstklasser",21.2,19.1,20.0
"1730 Eda","inkomst av tjänst","totalt","20-64 år","totalt inkomstklasser",198.2,219.7,243.0
"1730 Eda","inkomst av tjänst","totalt","-19 år","totalt inkomstklasser",26.4,31.7,34.0
"1737 Torsby","inkomst av tjänst","totalt","20-64 år","totalt inkomstklasser",193.3,217.4,245.7
"1737 Torsby","inkomst av tjänst","totalt","-19 år","totalt inkomstklasser",16.2,16.7,20.1
"1760 Storfors","inkomst av tjänst","totalt","20-64 år","totalt inkomstklasser",208.6,233.1,248.4
"1760 Storfors","inkomst av tjänst","totalt","-19 år","totalt inkomstklasser",19.0,24.1,22.9
"1761 Hammarö","inkomst av tjänst","totalt","20-64 år","totalt inkomstklasser",242.7,273.6,309.6
"1761 Hammarö","inkomst av tjänst","totalt","-19 år","totalt inkomstklasser",19.0,16.5,17.5
"1762 Munkfors","inkomst av tjänst","totalt","20-64 år","totalt inkomstklasser",199.0,220.6,239.6
"1762 Munkfors","inkomst av tjänst","totalt","-19 år","totalt inkomstklasser",17.8,19.3,22.2
"1763 Forshaga","inkomst av tjänst","totalt","20-64 år","totalt inkomstklasser",204.9,228.9,254.5
"1763 Forshaga","inkomst av tjänst","totalt","-19 år","totalt inkomstklasser",17.5,17.8,19.6
"1764 Grums","inkomst av tjänst","totalt","20-64 år","totalt inkomstklasser",211.0,235.0,256.1
"1764 Grums","inkomst av tjänst","totalt","-19 år","totalt inkomstklasser",23.7,23.7,22.9
"1765 Årjäng","inkomst av tjänst","totalt","20-64 år","totalt inkomstklasser",188.4,216.0,235.3
"1765 Årjäng","inkomst av tjänst","totalt","-19 år","totalt inkomstklasser",28.8,30.1,35.3
"1766 Sunne","inkomst av tjänst","totalt","20-64 år","totalt inkomstklasser",195.8,221.7,246.0
"1766 Sunne","inkomst av tjänst","totalt","-19 år","totalt inkomstklasser",22.3,17.8,21.3
"1780 Karlstad","inkomst av tjänst","totalt","20-64 år","totalt inkomstklasser",212.7,239.1,265.0
"1780 Karlstad","inkomst av tjänst","totalt","-19 år","totalt inkomstklasser",16.7,18.6,19.4
"1781 Kristinehamn","inkomst av tjänst","totalt","20-64 år","totalt inkomstklasser",207.0,231.6,252.8
"1781 Kristinehamn","inkomst av tjänst","totalt","-19 år","totalt inkomstklasser",21.5,20.6,21.6
"1782 Filipstad","inkomst av tjänst","totalt","20-64 år","totalt inkomstklasser",199.0,216.5,238.2
"1782 Filipstad","inkomst av tjänst","totalt","-19 år","totalt inkomstklasser",27.1,21.7,24.6
"1783 Hagfors","inkomst av tjänst","totalt","20-64 år","totalt inkomstklasser",207.0,226.1,247.4
"1783 Hagfors","inkomst av tjänst","totalt","-19 år","totalt inkomstklasser",21.7,18.5,23.9
"1784 Arvika","inkomst av tjänst","totalt","20-64 år","totalt inkomstklasser",197.9,224.8,249.2
"1784 Arvika","inkomst av tjänst","totalt","-19 år","totalt inkomstklasser",22.6,26.3,30.4
"1785 Säffle","inkomst av tjänst","totalt","20-64 år","totalt inkomstklasser",203.3,224.7,246.2
"1785 Säffle","inkomst av tjänst","totalt","-19 år","totalt inkomstklasser",22.5,23.4,24.5
"1814 Lekeberg","inkomst av tjänst","totalt","20-64 år","totalt inkomstklasser",204.9,226.0,256.7
"1814 Lekeberg","inkomst av tjänst","totalt","-19 år","totalt inkomstklasser",27.1,22.5,26.2
"1860 Laxå","inkomst av tjänst","totalt","20-64 år","totalt inkomstklasser",207.2,231.4,256.9
"1860 Laxå","inkomst av tjänst","totalt","-19 år","totalt inkomstklasser",23.6,22.3,22.5
"1861 Hallsberg","inkomst av tjänst","totalt","20-64 år","totalt inkomstklasser",210.3,232.6,256.8
"1861 Hallsberg","inkomst av tjänst","totalt","-19 år","totalt inkomstklasser",21.5,18.8,21.8
"1862 Degerfors","inkomst av tjänst","totalt","20-64 år","totalt inkomstklasser",216.5,237.0,257.5
"1862 Degerfors","inkomst av tjänst","totalt","-19 år","totalt inkomstklasser",22.5,24.3,26.5
"1863 Hällefors","inkomst av tjänst","totalt","20-64 år","totalt inkomstklasser",197.0,221.8,235.2
"1863 Hällefors","inkomst av tjänst","totalt","-19 år","totalt inkomstklasser",22.2,26.1,28.5
"1864 Ljusnarsberg","inkomst av tjänst","totalt","20-64 år","totalt inkomstklasser",197.7,211.3,234.6
"1864 Ljusnarsberg","inkomst av tjänst","totalt","-19 år","totalt inkomstklasser",24.9,20.3,25.8
"1880 Örebro","inkomst av tjänst","totalt","20-64 år","totalt inkomstklasser",210.7,235.5,261.7
"1880 Örebro","inkomst av tjänst","totalt","-19 år","totalt inkomstklasser",21.3,20.3,21.0
"1881 Kumla","inkomst av tjänst","totalt","20-64 år","totalt inkomstklasser",217.3,236.1,264.3
"1881 Kumla","inkomst av tjänst","totalt","-19 år","totalt inkomstklasser",25.9,21.4,23.6
"1882 Askersund","inkomst av tjänst","totalt","20-64 år","totalt inkomstklasser",206.5,231.8,260.9
"1882 Askersund","inkomst av tjänst","totalt","-19 år","totalt inkomstklasser",22.4,23.9,28.5
"1883 Karlskoga","inkomst av tjänst","totalt","20-64 år","totalt inkomstklasser",224.1,249.6,271.8
"1883 Karlskoga","inkomst av tjänst","totalt","-19 år","totalt inkomstklasser",19.0,23.6,25.5
"1884 Nora","inkomst av tjänst","totalt","20-64 år","totalt inkomstklasser",212.5,238.5,265.8
"1884 Nora","inkomst av tjänst","totalt","-19 år","totalt inkomstklasser",21.0,19.2,23.5
"1885 Lindesberg","inkomst av tjänst","totalt","20-64 år","totalt inkomstklasser",211.0,234.8,257.9
"1885 Lindesberg","inkomst av tjänst","totalt","-19 år","totalt inkomstklasser",23.1,22.6,25.7
"1904 Skinnskatteberg","inkomst av tjänst","totalt","20-64 år","totalt inkomstklasser",204.6,223.7,244.3
"1904 Skinnskatteberg","inkomst av tjänst","totalt","-19 år","totalt inkomstklasser",24.0,22.5,25.6
"1907 Surahammar","inkomst av tjänst","totalt","20-64 år","totalt inkomstklasser",221.7,242.0,267.3
"1907 Surahammar","inkomst av tjänst","totalt","-19 år","totalt inkomstklasser",20.6,28.7,26.1
"1960 Kungsör","inkomst av tjänst","totalt","20-64 år","totalt inkomstklasser",213.2,240.2,261.6
"1960 Kungsör","inkomst av tjänst","totalt","-19 år","totalt inkomstklasser",19.5,25.7,21.1
"1961 Hallstahammar","inkomst av tjänst","totalt","20-64 år","totalt inkomstklasser",210.8,235.4,257.9
"1961 Hallstahammar","inkomst av tjänst","totalt","-19 år","totalt inkomstklasser",22.8,24.8,26.3
"1962 Norberg","inkomst av tjänst","totalt","20-64 år","totalt inkomstklasser",211.4,232.7,259.2
"1962 Norberg","inkomst av tjänst","totalt","-19 år","totalt inkomstklasser",20.1,25.0,29.7
"1980 Västerås","inkomst av tjänst","totalt","20-64 år","totalt inkomstklasser",229.2,254.0,286.7
"1980 Västerås","inkomst av tjänst","totalt","-19 år","totalt inkomstklasser",20.8,22.5,25.6
"1981 Sala","inkomst av tjänst","totalt","20-64 år","totalt inkomstklasser",201.8,222.9,251.4
"1981 Sala","inkomst av tjänst","totalt","-19 år","totalt inkomstklasser",20.7,21.9,28.2
"1982 Fagersta","inkomst av tjänst","totalt","20-64 år","totalt inkomstklasser",222.8,249.0,266.7
"1982 Fagersta","inkomst av tjänst","totalt","-19 år","totalt inkomstklasser",24.9,25.5,27.4
"1983 Köping","inkomst av tjänst","totalt","20-64 år","totalt inkomstklasser",211.9,238.1,259.8
"1983 Köping","inkomst av tjänst","totalt","-19 år","totalt inkomstklasser",21.6,23.9,23.5
"1984 Arboga","inkomst av tjänst","totalt","20-64 år","totalt inkomstklasser",210.7,233.9,257.0
"1984 Arboga","inkomst av tjänst","totalt","-19 år","totalt inkomstklasser",22.5,20.5,24.3
"2021 Vansbro","inkomst av tjänst","totalt","20-64 år","totalt inkomstklasser",192.0,212.1,232.0
"2021 Vansbro","inkomst av tjänst","totalt","-19 år","totalt inkomstklasser",22.5,20.7,22.9
"2023 Malung-Sälen","inkomst av tjänst","totalt","20-64 år","totalt inkomstklasser",194.1,217.3,241.3
"2023 Malung-Sälen","inkomst av tjänst","totalt","-19 år","totalt inkomstklasser",17.7,24.8,26.2
"2026 Gagnef","inkomst av tjänst","totalt","20-64 år","totalt inkomstklasser",206.5,230.2,258.6
"2026 Gagnef","inkomst av tjänst","totalt","-19 år","totalt inkomstklasser",19.6,20.3,23.4
"2029 Leksand","inkomst av tjänst","totalt","20-64 år","totalt inkomstklasser",205.1,231.2,261.6
"2029 Leksand","inkomst av tjänst","totalt","-19 år","totalt inkomstklasser",21.4,23.4,27.1
"2031 Rättvik","inkomst av tjänst","totalt","20-64 år","totalt inkomstklasser",191.3,215.0,243.4
"2031 Rättvik","inkomst av tjänst","totalt","-19 år","totalt inkomstklasser",22.4,24.5,26.8
"2034 Orsa","inkomst av tjänst","totalt","20-64 år","totalt inkomstklasser",189.1,212.4,232.8
"2034 Orsa","inkomst av tjänst","totalt","-19 år","totalt inkomstklasser",16.8,17.8,21.8
"2039 Älvdalen","inkomst av tjänst","totalt","20-64 år","totalt inkomstklasser",189.5,208.5,235.2
"2039 Älvdalen","inkomst av tjänst","totalt","-19 år","totalt inkomstklasser",21.7,20.7,23.3
"2061 Smedjebacken","inkomst av tjänst","totalt","20-64 år","totalt inkomstklasser",212.6,240.9,268.6
"2061 Smedjebacken","inkomst av tjänst","totalt","-19 år","totalt inkomstklasser",22.1,20.9,24.6
"2062 Mora","inkomst av tjänst","totalt","20-64 år","totalt inkomstklasser",204.4,231.3,255.1
"2062 Mora","inkomst av tjänst","totalt","-19 år","totalt inkomstklasser",21.4,21.7,23.6
"2080 Falun","inkomst av tjänst","totalt","20-64 år","totalt inkomstklasser",217.0,244.9,273.9
"2080 Falun","inkomst av tjänst","totalt","-19 år","totalt inkomstklasser",22.6,21.9,24.3
"2081 Borlänge","inkomst av tjänst","totalt","20-64 år","totalt inkomstklasser",211.5,239.6,263.0
"2081 Borlänge","inkomst av tjänst","totalt","-19 år","totalt inkomstklasser",23.7,23.7,29.2
"2082 Säter","inkomst av tjänst","totalt","20-64 år","totalt inkomstklasser",205.9,231.8,262.5
"2082 Säter","inkomst av tjänst","totalt","-19 år","totalt inkomstklasser",22.0,22.3,25.1
"2083 Hedemora","inkomst av tjänst","totalt","20-64 år","totalt inkomstklasser",204.8,227.2,252.4
"2083 Hedemora","inkomst av tjänst","totalt","-19 år","totalt inkomstklasser",20.0,23.9,25.0
"2084 Avesta","inkomst av tjänst","totalt","20-64 år","totalt inkomstklasser",217.7,243.4,267.6
"2084 Avesta","inkomst av tjänst","totalt","-19 år","totalt inkomstklasser",25.2,23.6,25.3
"2085 Ludvika","inkomst av tjänst","totalt","20-64 år","totalt inkomstklasser",214.2,239.2,269.9
"2085 Ludvika","inkomst av tjänst","totalt","-19 år","totalt inkomstklasser",22.3,24.6,26.6
"2101 Ockelbo","inkomst av tjänst","totalt","20-64 år","totalt inkomstklasser",198.7,227.6,250.7
"2101 Ockelbo","inkomst av tjänst","totalt","-19 år","totalt inkomstklasser",24.5,25.8,26.7
"2104 Hofors","inkomst av tjänst","totalt","20-64 år","totalt inkomstklasser",217.6,245.9,265.3
"2104 Hofors","inkomst av tjänst","totalt","-19 år","totalt inkomstklasser",24.6,26.8,26.4
"2121 Ovanåker","inkomst av tjänst","totalt","20-64 år","totalt inkomstklasser",192.2,222.1,244.0
"2121 Ovanåker","inkomst av tjänst","totalt","-19 år","totalt inkomstklasser",19.6,22.0,22.9
"2132 Nordanstig","inkomst av tjänst","totalt","20-64 år","totalt inkomstklasser",195.7,216.1,238.0
"2132 Nordanstig","inkomst av tjänst","totalt","-19 år","totalt inkomstklasser",20.5,18.2,27.8
"2161 Ljusdal","inkomst av tjänst","totalt","20-64 år","totalt inkomstklasser",193.7,216.0,237.1
"2161 Ljusdal","inkomst av tjänst","totalt","-19 år","totalt inkomstklasser",22.3,21.4,26.1
"2180 Gävle","inkomst av tjänst","totalt","20-64 år","totalt inkomstklasser",216.3,243.5,277.1
"2180 Gävle","inkomst av tjänst","totalt","-19 år","totalt inkomstklasser",22.8,22.0,23.2
"2181 Sandviken","inkomst av tjänst","totalt","20-64 år","totalt inkomstklasser",222.5,255.9,274.9
"2181 Sandviken","inkomst av tjänst","totalt","-19 år","totalt inkomstklasser",21.0,26.3,26.6
"2182 Söderhamn","inkomst av tjänst","totalt","20-64 år","totalt inkomstklasser",205.0,223.4,249.4
"2182 Söderhamn","inkomst av tjänst","totalt","-19 år","totalt inkomstklasser",20.4,19.1,28.3
"2183 Bollnäs","inkomst av tjänst","totalt","20-64 år","totalt inkomstklasser",198.1,221.7,246.3
"2183 Bollnäs","inkomst av tjänst","totalt","-19 år","totalt inkomstklasser",21.1,19.5,24.0
"2184 Hudiksvall","inkomst av tjänst","totalt","20-64 år","totalt inkomstklasser",205.5,228.4,256.8
"2184 Hudiksvall","inkomst av tjänst","totalt","-19 år","totalt inkomstklasser",18.6,19.9,23.1
"2260 Ånge","inkomst av tjänst","totalt","20-64 år","totalt inkomstklasser",204.7,225.7,252.0
"2260 Ånge","inkomst av tjänst","totalt","-19 år","totalt inkomstklasser",23.1,24.4,28.8
"2262 Timrå","inkomst av tjänst","totalt","20-64 år","totalt inkomstklasser",220.9,244.0,262.8
"2262 Timrå","inkomst av tjänst","totalt","-19 år","totalt inkomstklasser",22.6,24.8,21.4
"2280 Härnösand","inkomst av tjänst","totalt","20-64 år","totalt inkomstklasser",207.8,230.5,256.7
"2280 Härnösand","inkomst av tjänst","totalt","-19 år","totalt inkomstklasser",19.5,17.6,21.9
"2281 Sundsvall","inkomst av tjänst","totalt","20-64 år","totalt inkomstklasser",227.6,254.2,278.9
"2281 Sundsvall","inkomst av tjänst","totalt","-19 år","totalt inkomstklasser",23.6,23.2,25.5
"2282 Kramfors","inkomst av tjänst","totalt","20-64 år","totalt inkomstklasser",199.7,223.3,247.1
"2282 Kramfors","inkomst av tjänst","totalt","-19 år","totalt inkomstklasser",23.3,19.0,23.9
"2283 Sollefteå","inkomst av tjänst","totalt","20-64 år","totalt inkomstklasser",201.9,224.5,247.6
"2283 Sollefteå","inkomst av tjänst","totalt","-19 år","totalt inkomstklasser",19.6,21.7,23.6
"2284 Örnsköldsvik","inkomst av tjänst","totalt","20-64 år","totalt inkomstklasser",214.4,245.3,274.2
"2284 Örnsköldsvik","inkomst av tjänst","totalt","-19 år","totalt inkomstklasser",22.0,21.8,24.3
"2303 Ragunda","inkomst av tjänst","totalt","20-64 år","totalt inkomstklasser",192.3,223.0,238.3
"2303 Ragunda","inkomst av tjänst","totalt","-19 år","totalt inkomstklasser",24.2,22.5,26.5
"2305 Bräcke","inkomst av tjänst","totalt","20-64 år","totalt inkomstklasser",193.7,217.1,236.9
"2305 Bräcke","inkomst av tjänst","totalt","-19 år","totalt inkomstklasser",19.9,20.6,24.2
"2309 Krokom","inkomst av tjänst","totalt","20-64 år","totalt inkomstklasser",202.6,226.4,252.8
"2309 Krokom","inkomst av tjänst","totalt","-19 år","totalt inkomstklasser",18.4,20.0,23.5
"2313 Strömsund","inkomst av tjänst","totalt","20-64 år","totalt inkomstklasser",188.1,212.8,237.3
"2313 Strömsund","inkomst av tjänst","totalt","-19 år","totalt inkomstklasser",20.9,24.0,25.7
"2321 Åre","inkomst av tjänst","totalt","20-64 år","totalt inkomstklasser",184.0,213.3,236.7
"2321 Åre","inkomst av tjänst","totalt","-19 år","totalt inkomstklasser",14.6,19.8,26.1
"2326 Berg","inkomst av tjänst","totalt","20-64 år","totalt inkomstklasser",186.7,209.9,229.6
"2326 Berg","inkomst av tjänst","totalt","-19 år","totalt inkomstklasser",17.4,22.0,24.4
"2361 Härjedalen","inkomst av tjänst","totalt","20-64 år","totalt inkomstklasser",189.8,214.5,238.2
"2361 Härjedalen","inkomst av tjänst","totalt","-19 år","totalt inkomstklasser",20.7,22.8,23.8
"2380 Östersund","inkomst av tjänst","totalt","20-64 år","totalt inkomstklasser",209.1,233.4,258.4
"2380 Östersund","inkomst av tjänst","totalt","-19 år","totalt inkomstklasser",19.5,19.6,22.5
"2401 Nordmaling","inkomst av tjänst","totalt","20-64 år","totalt inkomstklasser",200.2,222.8,252.9
"2401 Nordmaling","inkomst av tjänst","totalt","-19 år","totalt inkomstklasser",24.2,24.1,25.0
"2403 Bjurholm","inkomst av tjänst","totalt","20-64 år","totalt inkomstklasser",191.6,211.6,229.6
"2403 Bjurholm","inkomst av tjänst","totalt","-19 år","totalt inkomstklasser",18.4,22.6,20.6
"2404 Vindeln","inkomst av tjänst","totalt","20-64 år","totalt inkomstklasser",193.5,220.8,243.2
"2404 Vindeln","inkomst av tjänst","totalt","-19 år","totalt inkomstklasser",19.2,19.0,25.4
"2409 Robertsfors","inkomst av tjänst","totalt","20-64 år","totalt inkomstklasser",197.8,223.7,245.6
"2409 Robertsfors","inkomst av tjänst","totalt","-19 år","totalt inkomstklasser",25.7,28.1,27.9
"2417 Norsjö","inkomst av tjänst","totalt","20-64 år","totalt inkomstklasser",197.0,225.2,245.8
"2417 Norsjö","inkomst av tjänst","totalt","-19 år","totalt inkomstklasser",22.0,23.4,23.2
"2418 Malå","inkomst av tjänst","totalt","20-64 år","totalt inkomstklasser",209.0,240.6,262.8
"2418 Malå","inkomst av tjänst","totalt","-19 år","totalt inkomstklasser",21.9,21.1,29.0
"2421 Storuman","inkomst av tjänst","totalt","20-64 år","totalt inkomstklasser",189.6,213.9,245.1
"2421 Storuman","inkomst av tjänst","totalt","-19 år","totalt inkomstklasser",16.3,17.3,19.2
"2422 Sorsele","inkomst av tjänst","totalt","20-64 år","totalt inkomstklasser",187.2,217.2,238.4
"2422 Sorsele","inkomst av tjänst","totalt","-19 år","totalt inkomstklasser",21.9,20.6,17.6
"2425 Dorotea","inkomst av tjänst","totalt","20-64 år","totalt inkomstklasser",192.3,222.7,244.4
"2425 Dorotea","inkomst av tjänst","totalt","-19 år","totalt inkomstklasser",21.8,28.5,29.0
"2460 Vännäs","inkomst av tjänst","totalt","20-64 år","totalt inkomstklasser",204.9,231.7,261.7
"2460 Vännäs","inkomst av tjänst","totalt","-19 år","totalt inkomstklasser",22.5,21.4,24.9
"2462 Vilhelmina","inkomst av tjänst","totalt","20-64 år","totalt inkomstklasser",187.9,210.9,229.7
"2462 Vilhelmina","inkomst av tjänst","totalt","-19 år","totalt inkomstklasser",19.8,16.5,21.3
"2463 Åsele","inkomst av tjänst","totalt","20-64 år","totalt inkomstklasser",193.2,212.8,233.2
"2463 Åsele","inkomst av tjänst","totalt","-19 år","totalt inkomstklasser",24.2,22.8,20.8
"2480 Umeå","inkomst av tjänst","totalt","20-64 år","totalt inkomstklasser",207.4,230.1,261.0
"2480 Umeå","inkomst av tjänst","totalt","-19 år","totalt inkomstklasser",20.6,20.5,23.6
"2481 Lycksele","inkomst av tjänst","totalt","20-64 år","totalt inkomstklasser",204.2,227.6,257.5
"2481 Lycksele","inkomst av tjänst","totalt","-19 år","totalt inkomstklasser",23.2,20.2,25.1
"2482 Skellefteå","inkomst av tjänst","totalt","20-64 år","totalt inkomstklasser",209.6,236.1,266.8
"2482 Skellefteå","inkomst av tjänst","totalt","-19 år","totalt inkomstklasser",23.9,22.4,25.1
"2505 Arvidsjaur","inkomst av tjänst","totalt","20-64 år","totalt inkomstklasser",203.9,233.7,262.3
"2505 Arvidsjaur","inkomst av tjänst","totalt","-19 år","totalt inkomstklasser",19.8,24.1,29.1
"2506 Arjeplog","inkomst av tjänst","totalt","20-64 år","totalt inkomstklasser",195.6,219.7,250.6
"2506 Arjeplog","inkomst av tjänst","totalt","-19 år","totalt inkomstklasser",21.8,25.5,22.5
"2510 Jokkmokk","inkomst av tjänst","totalt","20-64 år","totalt inkomstklasser",193.4,221.5,249.7
"2510 Jokkmokk","inkomst av tjänst","totalt","-19 år","totalt inkomstklasser",19.6,23.0,23.8
"2513 Överkalix","inkomst av tjänst","totalt","20-64 år","totalt inkomstklasser",192.7,214.5,237.7
"2513 Överkalix","inkomst av tjänst","totalt","-19 år","totalt inkomstklasser",22.9,20.1,24.1
"2514 Kalix","inkomst av tjänst","totalt","20-64 år","totalt inkomstklasser",206.6,231.0,257.8
"2514 Kalix","inkomst av tjänst","totalt","-19 år","totalt inkomstklasser",25.5,26.7,27.5
"2518 Övertorneå","inkomst av tjänst","totalt","20-64 år","totalt inkomstklasser",184.7,209.5,229.3
"2518 Övertorneå","inkomst av tjänst","totalt","-19 år","totalt inkomstklasser",15.3,16.3,19.3
"2521 Pajala","inkomst av tjänst","totalt","20-64 år","totalt inkomstklasser",188.9,216.4,245.9
"2521 Pajala","inkomst av tjänst","totalt","-19 år","totalt inkomstklasser",17.6,23.6,32.3
"2523 Gällivare","inkomst av tjänst","totalt","20-64 år","totalt inkomstklasser",216.1,254.0,301.7
"2523 Gällivare","inkomst av tjänst","totalt","-19 år","totalt inkomstklasser",22.6,30.4,39.9
"2560 Älvsbyn","inkomst av tjänst","totalt","20-64 år","totalt inkomstklasser",197.3,225.0,249.3
"2560 Älvsbyn","inkomst av tjänst","totalt","-19 år","totalt inkomstklasser",22.2,22.4,26.6
"2580 Luleå","inkomst av tjänst","totalt","20-64 år","totalt inkomstklasser",213.5,240.5,272.6
"2580 Luleå","inkomst av tjänst","totalt","-19 år","totalt inkomstklasser",19.5,19.2,23.2
"2581 Piteå","inkomst av tjänst","totalt","20-64 år","totalt inkomstklasser",212.4,237.4,268.8
"2581 Piteå","inkomst av tjänst","totalt","-19 år","totalt inkomstklasser",19.7,21.2,23.1
"2582 Boden","inkomst av tjänst","totalt","20-64 år","totalt inkomstklasser",212.2,234.2,263.8
"2582 Boden","inkomst av tjänst","totalt","-19 år","totalt inkomstklasser",21.5,22.4,23.6
"2583 Haparanda","inkomst av tjänst","totalt","20-64 år","totalt inkomstklasser",181.1,208.8,233.4
"2583 Haparanda","inkomst av tjänst","totalt","-19 år","totalt inkomstklasser",18.4,18.9,25.9
"2584 Kiruna","inkomst av tjänst","totalt","20-64 år","totalt inkomstklasser",222.4,262.1,307.3
"2584 Kiruna","inkomst av tjänst","totalt","-19 år","totalt inkomstklasser",21.3,26.0,36.5
"0000 Sverige","inkomst av tjänst","totalt","20-64 år","totalt inkomstklasser",225.1, 251.6, 280.3
"0000 Sverige","inkomst av tjänst","totalt","-19 år","totalt inkomstklasser", 22.5, 22.9, 25.2